{
    "V12/WJetsToLNu_0J_TuneCP5_13TeV-amcatnloFXFX-pythia8": {
        "Vpt0": {
            "NpNLO0": 1.0,
            "NpNLO1": 0.0,
            "NpNLO2": 0.0
        },
        "Vpt50": {
            "NpNLO0": 0.5809587217043941,
            "NpNLO1": 0.0,
            "NpNLO2": 0.0
        },
        "Vpt100": {
            "NpNLO0": 0.010936757013789824,
            "NpNLO1": 0.0,
            "NpNLO2": 0.0
        },
        "Vpt150": {
            "NpNLO0": 0.013774104683195593,
            "NpNLO1": 0.0,
            "NpNLO2": 0.0
        },
        "Vpt250": {
            "NpNLO0": 0.001652892561983471,
            "NpNLO1": 0.0,
            "NpNLO2": 0.0
        },
        "Vpt400": {
            "NpNLO0": 0.0,
            "NpNLO1": 0.0,
            "NpNLO2": 0.0
        },
        "Vpt600": {
            "NpNLO0": 0.0,
            "NpNLO1": 0.0,
            "NpNLO2": 0.0
        }
    },
    "V12/WJetsToLNu_1J_TuneCP5_13TeV-amcatnloFXFX-pythia8": {
        "Vpt0": {
            "NpNLO0": 0.0,
            "NpNLO1": 0.9931440532756427,
            "NpNLO2": 0.0
        },
        "Vpt50": {
            "NpNLO0": 0.0,
            "NpNLO1": 0.6802882103106548,
            "NpNLO2": 0.0
        },
        "Vpt100": {
            "NpNLO0": 0.0,
            "NpNLO1": 0.03312955998911917,
            "NpNLO2": 0.0
        },
        "Vpt150": {
            "NpNLO0": 0.0,
            "NpNLO1": 0.03346541045455611,
            "NpNLO2": 0.0
        },
        "Vpt250": {
            "NpNLO0": 0.0,
            "NpNLO1": 0.005653751628831698,
            "NpNLO2": 0.0
        },
        "Vpt400": {
            "NpNLO0": 0.0,
            "NpNLO1": 0.0060931677886371305,
            "NpNLO2": 0.0
        },
        "Vpt600": {
            "NpNLO0": 0.0,
            "NpNLO1": 0.0027459428407295705,
            "NpNLO2": 0.0
        }
    },
    "V12/WJetsToLNu_2J_TuneCP5_13TeV-amcatnloFXFX-pythia8": {
        "Vpt0": {
            "NpNLO0": 0.0,
            "NpNLO1": 0.0,
            "NpNLO2": 0.995446832770929
        },
        "Vpt50": {
            "NpNLO0": 0.0,
            "NpNLO1": 0.0,
            "NpNLO2": 0.6274574603545653
        },
        "Vpt100": {
            "NpNLO0": 0.0,
            "NpNLO1": 0.0,
            "NpNLO2": 0.03306169257107684
        },
        "Vpt150": {
            "NpNLO0": 0.0,
            "NpNLO1": 0.0,
            "NpNLO2": 0.03223916370658421
        },
        "Vpt250": {
            "NpNLO0": 0.0,
            "NpNLO1": 0.0,
            "NpNLO2": 0.005641410167575891
        },
        "Vpt400": {
            "NpNLO0": 0.0,
            "NpNLO1": 0.0,
            "NpNLO2": 0.006196539650120816
        },
        "Vpt600": {
            "NpNLO0": 0.0,
            "NpNLO1": 0.0,
            "NpNLO2": 0.002895236172471282
        }
    },
    "V12/WJetsToLNu_Pt-100To250_TuneCP5_13TeV-amcatnloFXFX-pythia8": {
        "Vpt0": {
            "NpNLO0": 0.0,
            "NpNLO1": 7.146453675590042e-05,
            "NpNLO2": 1.5139922837737613e-05
        },
        "Vpt50": {
            "NpNLO0": 0.0,
            "NpNLO1": 0.1486242561664806,
            "NpNLO2": 0.2161784410904002
        },
        "Vpt100": {
            "NpNLO0": 0.9890632429862102,
            "NpNLO1": 0.9664429139605043,
            "NpNLO2": 0.9666986600543767
        },
        "Vpt150": {
            "NpNLO0": 0.9862258953168044,
            "NpNLO1": 0.9403080808276809,
            "NpNLO2": 0.9357983375594693
        },
        "Vpt250": {
            "NpNLO0": 0.0,
            "NpNLO1": 0.00425209249369961,
            "NpNLO2": 0.003659588091825221
        },
        "Vpt400": {
            "NpNLO0": 0.0,
            "NpNLO1": 0.0,
            "NpNLO2": 0.0
        },
        "Vpt600": {
            "NpNLO0": 0.0,
            "NpNLO1": 0.0,
            "NpNLO2": 0.0
        }
    },
    "V12/WJetsToLNu_Pt-250To400_TuneCP5_13TeV-amcatnloFXFX-pythia8": {
        "Vpt0": {
            "NpNLO0": 0.0,
            "NpNLO1": 2.887456030541431e-08,
            "NpNLO2": 0.0
        },
        "Vpt50": {
            "NpNLO0": 0.0,
            "NpNLO1": 1.841599429104177e-07,
            "NpNLO2": 1.6849664318179175e-07
        },
        "Vpt100": {
            "NpNLO0": 0.0,
            "NpNLO1": 8.578442998466579e-07,
            "NpNLO2": 5.10827526220041e-07
        },
        "Vpt150": {
            "NpNLO0": 0.0,
            "NpNLO1": 0.026226361344984888,
            "NpNLO2": 0.03196239270882832
        },
        "Vpt250": {
            "NpNLO0": 0.9983471074380166,
            "NpNLO1": 0.9879372401078069,
            "NpNLO2": 0.9874787939057592
        },
        "Vpt400": {
            "NpNLO0": 0.0,
            "NpNLO1": 0.0214375192511238,
            "NpNLO2": 0.022054593746158056
        },
        "Vpt600": {
            "NpNLO0": 0.0,
            "NpNLO1": 0.0,
            "NpNLO2": 0.0
        }
    },
    "V12/WJetsToLNu_Pt-400To600_TuneCP5_13TeV-amcatnloFXFX-pythia8": {
        "Vpt0": {
            "NpNLO0": 0.0,
            "NpNLO1": 0.0,
            "NpNLO2": 0.0
        },
        "Vpt50": {
            "NpNLO0": 0.0,
            "NpNLO1": 0.0,
            "NpNLO2": 0.0
        },
        "Vpt100": {
            "NpNLO0": 0.0,
            "NpNLO1": 0.0,
            "NpNLO2": 0.0
        },
        "Vpt150": {
            "NpNLO0": 0.0,
            "NpNLO1": 1.4737277811588914e-07,
            "NpNLO2": 4.5439336357886636e-08
        },
        "Vpt250": {
            "NpNLO0": 0.0,
            "NpNLO1": 0.0021569157696618223,
            "NpNLO2": 0.0032201549118059474
        },
        "Vpt400": {
            "NpNLO0": 1.0,
            "NpNLO1": 0.968422502210345,
            "NpNLO2": 0.964973363768679
        },
        "Vpt600": {
            "NpNLO0": 0.0,
            "NpNLO1": 0.006925175929915267,
            "NpNLO2": 0.007237459523317566
        }
    },
    "V12/WJetsToLNu_Pt-50To100_TuneCP5_13TeV-amcatnloFXFX-pythia8": {
        "Vpt0": {
            "NpNLO0": 0.0,
            "NpNLO1": 0.006784453313041062,
            "NpNLO2": 0.004538027306233179
        },
        "Vpt50": {
            "NpNLO0": 0.41904127829560583,
            "NpNLO1": 0.1710873493629217,
            "NpNLO2": 0.1563639300583914
        },
        "Vpt100": {
            "NpNLO0": 0.0,
            "NpNLO1": 0.000426668206076673,
            "NpNLO2": 0.00023913654702029715
        },
        "Vpt150": {
            "NpNLO0": 0.0,
            "NpNLO1": 0.0,
            "NpNLO2": 6.058578181051551e-08
        },
        "Vpt250": {
            "NpNLO0": 0.0,
            "NpNLO1": 0.0,
            "NpNLO2": 0.0
        },
        "Vpt400": {
            "NpNLO0": 0.0,
            "NpNLO1": 0.0,
            "NpNLO2": 0.0
        },
        "Vpt600": {
            "NpNLO0": 0.0,
            "NpNLO1": 0.0,
            "NpNLO2": 0.0
        }
    },
    "V12/WJetsToLNu_Pt-600ToInf_TuneCP5_13TeV-amcatnloFXFX-pythia8": {
        "Vpt0": {
            "NpNLO0": 0.0,
            "NpNLO1": 0.0,
            "NpNLO2": 0.0
        },
        "Vpt50": {
            "NpNLO0": 0.0,
            "NpNLO1": 0.0,
            "NpNLO2": 0.0
        },
        "Vpt100": {
            "NpNLO0": 0.0,
            "NpNLO1": 0.0,
            "NpNLO2": 0.0
        },
        "Vpt150": {
            "NpNLO0": 0.0,
            "NpNLO1": 0.0,
            "NpNLO2": 0.0
        },
        "Vpt250": {
            "NpNLO0": 0.0,
            "NpNLO1": 0.0,
            "NpNLO2": 5.292303375416539e-08
        },
        "Vpt400": {
            "NpNLO0": 0.0,
            "NpNLO1": 0.004046810749894056,
            "NpNLO2": 0.00677550283504206
        },
        "Vpt600": {
            "NpNLO0": 1.0,
            "NpNLO1": 0.9903288812293551,
            "NpNLO2": 0.9898673043042111
        }
    }
}